node,algorithm,operation,message_size,time_ms,energy_joule
B,AES,encrypt,2,11.895500007085502,0.05947750003542751
A,AES,decrypt,32,7.746299961581826,0.03873149980790913
A,AES,encrypt,3,0.6089999806135893,0.0030449999030679464
B,AES,decrypt,32,0.5808999994769692,0.002904499997384846
B,AES,encrypt,7,0.5993000231683254,0.002996500115841627
A,AES,decrypt,32,0.26050000451505184,0.0013025000225752592
A,AES,encrypt,7,0.1990000018849969,0.0009950000094249845
B,AES,decrypt,32,0.20640005823224783,0.0010320002911612391
B,DES,encrypt,2,54.03440003283322,0.2701720001641661
A,DES,decrypt,16,8.287100004963577,0.041435500024817884
B,AES,encrypt,2,29.299399990122765,0.14649699995061383
A,AES,decrypt,32,4.962300008628517,0.024811500043142587
B,AES,encrypt,2,32.75890000077197,0.16379450000385987
A,AES,decrypt,32,4.582699999446049,0.022913499997230247
B,DES,encrypt,2,11.196700001164572,0.05598350000582286
A,DES,decrypt,16,4.904600000372739,0.024523000001863693
A,DES,encrypt,3,0.16630000027362257,0.0008315000013681129
B,DES,decrypt,16,0.17430000116291922,0.0008715000058145961
B,AES,encrypt,TEXT,2,39.33030000189319,0.19665150000946596
A,AES,decrypt,TEXT,32,5.934300017543137,0.029671500087715685
A,AES,encrypt,TEXT,3,0.4013000288978219,0.0020065001444891095
B,AES,decrypt,TEXT,32,0.5539000267162919,0.0027695001335814595
A,AES,encrypt,IMAGE,8192,0.1615999499335885,0.0008079997496679425
A,AES,encrypt,IMAGE,8192,0.08349999552592635,0.00041749997762963176
A,AES,encrypt,IMAGE,8192,0.06920000305399299,0.00034600001526996493
A,AES,encrypt,IMAGE,8192,0.05909998435527086,0.0002954999217763543
A,AES,encrypt,IMAGE,8192,0.05829997826367617,0.00029149989131838083
A,AES,encrypt,IMAGE,8192,0.05570001667365432,0.0002785000833682716
A,AES,encrypt,IMAGE,8192,0.0675999908708036,0.000337999954354018
A,AES,encrypt,IMAGE,8192,0.052499992307275534,0.00026249996153637767
A,AES,encrypt,IMAGE,8192,0.05150004290044308,0.0002575002145022154
A,AES,encrypt,IMAGE,8192,0.05069997860118747,0.00025349989300593734
A,AES,encrypt,IMAGE,8192,0.053800002206116915,0.0002690000110305846
A,AES,encrypt,IMAGE,8192,0.04800001624971628,0.0002400000812485814
A,AES,encrypt,IMAGE,8192,0.04220003029331565,0.00021100015146657825
A,AES,encrypt,IMAGE,8192,0.04309997893869877,0.00021549989469349384
A,AES,encrypt,IMAGE,8192,0.04770001396536827,0.00023850006982684135
A,AES,encrypt,IMAGE,8192,0.04509999416768551,0.00022549997083842754
A,AES,encrypt,IMAGE,8192,0.04150002496317029,0.00020750012481585145
A,AES,encrypt,IMAGE,8192,0.0412999652326107,0.0002064998261630535
A,AES,encrypt,IMAGE,8192,0.045199994929134846,0.00022599997464567423
A,AES,encrypt,IMAGE,8192,0.04290003562346101,0.00021450017811730504
A,AES,encrypt,IMAGE,8192,0.04509999416768551,0.00022549997083842754
A,AES,encrypt,IMAGE,8192,0.07339997682720423,0.00036699988413602114
A,AES,encrypt,IMAGE,8192,0.0838999985717237,0.0004194999928586185
A,AES,encrypt,IMAGE,8192,0.10080001084133983,0.0005040000542066991
B,AES,encrypt,TEXT,2,0.1917000045068562,0.000958500022534281
A,AES,decrypt,TEXT,32,0.5329999839887023,0.0026649999199435115
B,AES,encrypt,TEXT,2,16.161000006832182,0.08080500003416091
A,AES,decrypt,TEXT,32,8.085999987088144,0.04042999993544072
A,AES,encrypt,TEXT,3,0.1474000164307654,0.000737000082153827
B,AES,decrypt,TEXT,32,0.36810000892728567,0.0018405000446364284
B,AES,encrypt,IMAGE,8192,0.0914999982342124,0.000457499991171062
B,AES,encrypt,IMAGE,8192,0.06989995017647743,0.00034949975088238716
B,AES,encrypt,IMAGE,8192,0.055699958465993404,0.000278499792329967
B,AES,encrypt,IMAGE,8192,0.05059997783973813,0.00025299988919869065
B,AES,encrypt,IMAGE,8192,0.0610999995842576,0.000305499997921288
B,AES,encrypt,IMAGE,8192,0.09529996896162629,0.00047649984480813146
B,AES,encrypt,IMAGE,8192,0.06960000609979033,0.0003480000304989517
B,AES,encrypt,IMAGE,8192,0.08189998334273696,0.0004094999167136848
B,AES,encrypt,IMAGE,8192,0.06280001252889633,0.00031400006264448166
B,AES,encrypt,IMAGE,8192,0.06260001100599766,0.0003130000550299883
B,AES,encrypt,IMAGE,8192,0.05779997445642948,0.0002889998722821474
B,AES,encrypt,IMAGE,8192,0.054500007536262274,0.00027250003768131137
B,AES,encrypt,IMAGE,8192,0.05979998968541622,0.0002989999484270811
B,AES,encrypt,IMAGE,8192,0.06350001785904169,0.00031750008929520845
B,AES,encrypt,IMAGE,8192,0.06900000153109431,0.00034500000765547156
B,AES,encrypt,IMAGE,8192,0.06509997183457017,0.00032549985917285085
B,AES,encrypt,IMAGE,8192,0.06400002166628838,0.0003200001083314419
B,AES,encrypt,IMAGE,8192,0.051499984692782164,0.0002574999234639108
B,AES,encrypt,IMAGE,8192,0.055500015150755644,0.0002775000757537782
B,AES,encrypt,IMAGE,8192,0.08650001836940646,0.0004325000918470323
B,AES,encrypt,IMAGE,8192,0.06609997944906354,0.0003304998972453177
B,AES,encrypt,IMAGE,8192,0.05879998207092285,0.00029399991035461426
B,AES,encrypt,IMAGE,8192,0.0523999915458262,0.000261999957729131
B,AES,encrypt,IMAGE,8192,0.09090005187317729,0.00045450025936588645
A,AES,encrypt,IMAGE,8192,0.12639997294172645,0.0006319998647086322
A,AES,encrypt,IMAGE,8192,0.09620003402233124,0.0004810001701116562
A,AES,encrypt,IMAGE,8192,0.06690004374831915,0.00033450021874159575
A,AES,encrypt,IMAGE,8192,0.13609998859465122,0.0006804999429732561
A,AES,encrypt,IMAGE,8192,0.0771000050008297,0.0003855000250041485
A,AES,encrypt,IMAGE,8192,0.06009999196976423,0.00030049995984882116
A,AES,encrypt,IMAGE,8192,0.07690000347793102,0.0003845000173896551
A,AES,encrypt,IMAGE,8192,0.1246000174432993,0.0006230000872164965
A,AES,encrypt,IMAGE,8192,0.1653999788686633,0.0008269998943433166
A,AES,encrypt,IMAGE,8192,0.06880000000819564,0.0003440000000409782
A,AES,encrypt,IMAGE,8192,0.1572000328451395,0.0007860001642256975
A,AES,encrypt,IMAGE,8192,0.06490002851933241,0.00032450014259666204
A,AES,encrypt,IMAGE,8192,0.11389999417588115,0.0005694999708794057
A,AES,encrypt,IMAGE,8192,0.05820003570988774,0.0002910001785494387
A,AES,encrypt,IMAGE,8192,0.059699988923966885,0.0002984999446198344
A,AES,encrypt,IMAGE,8192,0.06960000609979033,0.0003480000304989517
A,AES,encrypt,IMAGE,8192,0.10000000474974513,0.0005000000237487257
A,AES,encrypt,IMAGE,8192,0.13669999316334724,0.0006834999658167362
A,AES,encrypt,IMAGE,8192,0.10010000551119447,0.0005005000275559723
A,AES,encrypt,IMAGE,8192,0.08639995940029621,0.00043199979700148106
A,AES,encrypt,IMAGE,8192,0.08769996929913759,0.00043849984649568796
A,AES,encrypt,IMAGE,8192,0.08410000009462237,0.00042050000047311187
A,AES,encrypt,IMAGE,8192,0.12499996228143573,0.0006249998114071786
A,AES,encrypt,IMAGE,8192,0.056500022765249014,0.00028250011382624507
A,AES,encrypt,TEXT,2,4.652799980249256,0.02326399990124628
B,AES,decrypt,TEXT,32,5.126100033521652,0.02563050016760826
A,AES,encrypt,IMAGE,8192,0.1210999907925725,0.0006054999539628625
A,AES,encrypt,IMAGE,8192,0.07730000652372837,0.00038650003261864185
A,AES,encrypt,IMAGE,8192,0.060999998822808266,0.00030499999411404133
A,AES,encrypt,IMAGE,8192,0.0619000056758523,0.0003095000283792615
A,AES,encrypt,IMAGE,8192,0.045199994929134846,0.00022599997464567423
A,AES,encrypt,IMAGE,8192,0.05299999611452222,0.0002649999805726111
A,AES,encrypt,IMAGE,8192,0.04210002953186631,0.00021050014765933156
A,AES,encrypt,IMAGE,8192,0.044599990360438824,0.00022299995180219412
A,AES,encrypt,IMAGE,8192,0.041899969801306725,0.00020949984900653362
A,AES,encrypt,IMAGE,8192,0.044899992644786835,0.00022449996322393417
A,AES,encrypt,IMAGE,8192,0.05440000677481294,0.0002720000338740647
A,AES,encrypt,IMAGE,8192,0.05509995389729738,0.0002754997694864869
A,AES,encrypt,IMAGE,3575,0.044199987314641476,0.00022099993657320738
A,AES,encrypt,TEXT,2,8.203200006391853,0.041016000031959265
B,AES,decrypt,TEXT,32,9.837599995080382,0.04918799997540191
B,AES,encrypt,TEXT,3,0.3400000277906656,0.0017000001389533281
A,AES,decrypt,TEXT,32,1.396199979353696,0.0069809998967684805
A,AES,encrypt,IMAGE,8192,0.1401000190526247,0.0007005000952631235
A,AES,encrypt,IMAGE,8192,0.07639999967068434,0.0003819999983534217
B,AES,decrypt,IMAGE,8224,0.13239996042102575,0.0006619998021051288
B,AES,decrypt,IMAGE,8224,0.049799971748143435,0.00024899985874071717
A,AES,encrypt,IMAGE,8192,0.06120000034570694,0.0003060000017285347
B,AES,decrypt,IMAGE,8224,0.05949998740106821,0.00029749993700534105
A,AES,encrypt,IMAGE,8192,0.05949998740106821,0.00029749993700534105
A,AES,encrypt,IMAGE,8192,0.07529999129474163,0.00037649995647370815
A,AES,encrypt,IMAGE,8192,0.08460000390186906,0.0004230000195093453
B,AES,decrypt,IMAGE,8224,0.09480002336204052,0.0004740001168102026
B,AES,decrypt,IMAGE,8224,0.07579999510198832,0.0003789999755099416
B,AES,decrypt,IMAGE,8224,0.08730002446100116,0.0004365001223050058

B,AES,decrypt,IMAGE,8224,0.06160000339150429,0.00030800001695752144
A,AES,encrypt,IMAGE,8192,0.058500037994235754,0.00029250018997117877
B,AES,decrypt,IMAGE,8224,0.06260001100599766,0.0003130000550299883
A,AES,encrypt,IMAGE,8192,0.06360001862049103,0.00031800009310245514
B,AES,decrypt,IMAGE,8224,0.059399986639618874,0.00029699993319809437
A,AES,encrypt,IMAGE,3575,0.05200004670768976,0.0002600002335384488
B,AES,decrypt,IMAGE,8224,0.06410002242773771,0.00032050011213868856
B,AES,decrypt,IMAGE,3600,0.062000006437301636,0.0003100000321865082
B,AES,encrypt,IMAGE,8192,0.13749999925494194,0.0006874999962747097
B,AES,encrypt,IMAGE,8192,0.05819997750222683,0.00029099988751113415
B,AES,encrypt,IMAGE,8192,0.04469999112188816,0.0002234999556094408
A,AES,decrypt,IMAGE,8224,0.13430003309622407,0.0006715001654811203
B,AES,encrypt,IMAGE,8192,0.040700018871575594,0.00020350009435787797
A,AES,decrypt,IMAGE,8224,0.05840003723278642,0.0002920001861639321
B,AES,encrypt,IMAGE,8192,0.04169996827840805,0.00020849984139204025
A,AES,decrypt,IMAGE,8224,0.04640000406652689,0.00023200002033263445
B,AES,encrypt,IMAGE,8192,0.03940000897273421,0.00019700004486367106
A,AES,decrypt,IMAGE,8224,0.03960001049563289,0.00019800005247816443
A,AES,decrypt,IMAGE,8224,0.04469999112188816,0.0002234999556094408
B,AES,encrypt,IMAGE,8192,0.03960001049563289,0.00019800005247816443
A,AES,decrypt,IMAGE,8224,0.04469999112188816,0.0002234999556094408
B,AES,encrypt,IMAGE,8192,0.03809999907389283,0.00019049999536946416
A,AES,decrypt,IMAGE,8224,0.19559997599571943,0.0009779998799785972
B,AES,encrypt,IMAGE,8192,0.036999990697950125,0.00018499995348975062
A,AES,decrypt,IMAGE,8224,0.04799995804205537,0.00023999979021027684
B,AES,encrypt,IMAGE,8192,0.0399000127799809,0.0001995000638999045
B,AES,encrypt,IMAGE,8192,0.037299992982298136,0.00018649996491149068
A,AES,decrypt,IMAGE,8224,0.042899977415800095,0.00021449988707900047
B,AES,encrypt,IMAGE,8192,0.037699996028095484,0.00018849998014047742
A,AES,decrypt,IMAGE,8224,0.0751999905332923,0.00037599995266646147
B,AES,encrypt,IMAGE,8192,0.04160002572461963,0.00020800012862309813
B,AES,encrypt,IMAGE,8192,0.039899954572319984,0.00019949977286159992
A,AES,decrypt,IMAGE,8224,0.05299999611452222,0.0002649999805726111
B,AES,encrypt,IMAGE,8192,0.03819999983534217,0.00019099999917671084
A,AES,decrypt,IMAGE,8224,0.044899992644786835,0.00022449996322393417
B,AES,encrypt,IMAGE,8192,0.04299997817724943,0.00021499989088624716
A,AES,decrypt,IMAGE,8224,0.0439999857917428,0.000219999928958714
B,AES,encrypt,IMAGE,8192,0.04020001506432891,0.00020100007532164454
A,AES,decrypt,IMAGE,8224,0.04099996294826269,0.00020499981474131346
B,AES,encrypt,IMAGE,8192,0.03950000973418355,0.00019750004867091775
A,AES,decrypt,IMAGE,8224,0.03809999907389283,0.00019049999536946416
B,AES,encrypt,IMAGE,8192,0.0363999861292541,0.0001819999306462705
A,AES,decrypt,IMAGE,8224,0.04190002800896764,0.0002095001400448382
B,AES,encrypt,IMAGE,8192,0.041300023440271616,0.00020650011720135808
A,AES,decrypt,IMAGE,8224,0.04060001811012626,0.00020300009055063128
B,AES,encrypt,IMAGE,8192,0.038300000596791506,0.00019150000298395753
A,AES,decrypt,IMAGE,8224,0.03950000973418355,0.00019750004867091775
B,AES,encrypt,IMAGE,8192,0.03960001049563289,0.00019800005247816443
A,AES,decrypt,IMAGE,8224,0.03890000516548753,0.00019450002582743764
A,AES,decrypt,IMAGE,8224,0.04429998807609081,0.00022149994038045406
B,AES,encrypt,IMAGE,8192,0.038300000596791506,0.00019150000298395753
A,AES,decrypt,IMAGE,8224,0.0798000255599618,0.000399000127799809
B,AES,encrypt,IMAGE,8192,0.056500022765249014,0.00028250011382624507
A,AES,decrypt,IMAGE,8224,0.13470003614202142,0.0006735001807101071
B,AES,encrypt,IMAGE,8192,0.08399999933317304,0.0004199999966658652
B,AES,encrypt,IMAGE,8192,0.08150003850460052,0.0004075001925230026
A,AES,decrypt,IMAGE,8224,0.12909999350085855,0.0006454999675042927
B,AES,encrypt,IMAGE,8192,0.08449994493275881,0.00042249972466379404
A,AES,decrypt,IMAGE,8224,0.1574999769218266,0.000787499884609133
B,AES,encrypt,IMAGE,8192,0.06900000153109431,0.00034500000765547156
A,AES,decrypt,IMAGE,8224,0.10170001769438386,0.0005085000884719193
B,AES,encrypt,IMAGE,8192,0.07130001904442906,0.0003565000952221453
A,AES,decrypt,IMAGE,8224,0.07360003655776381,0.0003680001827888191
B,AES,encrypt,IMAGE,8192,0.06539997411891818,0.0003269998705945909
A,AES,decrypt,IMAGE,8224,0.10760000441223383,0.0005380000220611691
B,AES,encrypt,IMAGE,8192,0.07289997301995754,0.0003644998650997877
A,AES,decrypt,IMAGE,8224,0.1430999836884439,0.0007154999184422195

B,AES,encrypt,IMAGE,8192,0.06480002775788307,0.00032400013878941536
A,AES,decrypt,IMAGE,8224,0.1088999561034143,0.0005444997805170715
B,AES,encrypt,IMAGE,8192,0.06639998173341155,0.00033199990866705775
A,AES,decrypt,IMAGE,8224,0.06940000457689166,0.0003470000228844583
B,AES,encrypt,IMAGE,8192,0.05520001286640763,0.00027600006433203816
A,AES,decrypt,IMAGE,8224,0.10679999832063913,0.0005339999916031957
A,AES,decrypt,IMAGE,8224,0.07310003275051713,0.00036550016375258565
B,AES,encrypt,IMAGE,8192,0.07269997149705887,0.00036349985748529434
A,AES,decrypt,IMAGE,8224,0.06980000762268901,0.00034900003811344504
B,AES,encrypt,IMAGE,8192,0.11030002497136593,0.0005515001248568296
A,AES,decrypt,IMAGE,8224,0.07869995897635818,0.0003934997948817909
B,AES,encrypt,IMAGE,8192,0.06130000110715628,0.0003065000055357814
A,AES,decrypt,IMAGE,8224,0.07619999814778566,0.0003809999907389283
B,AES,encrypt,IMAGE,8192,0.06400002166628838,0.0003200001083314419
A,AES,decrypt,IMAGE,8224,0.07050001295283437,0.00035250006476417184
B,AES,encrypt,IMAGE,8192,0.06009999196976423,0.00030049995984882116
A,AES,decrypt,IMAGE,8224,0.06779999239370227,0.00033899996196851134
B,AES,encrypt,IMAGE,8192,0.05570001667365432,0.0002785000833682716
A,AES,decrypt,IMAGE,8224,0.059999991208314896,0.0002999999560415745
B,AES,encrypt,IMAGE,8192,0.04769995575770736,0.0002384997787885368
A,AES,decrypt,IMAGE,8224,0.09649997809901834,0.0004824998904950917
B,AES,encrypt,IMAGE,8192,0.050200033001601696,0.0002510001650080085
A,AES,decrypt,IMAGE,8224,0.08679996244609356,0.0004339998122304678
B,AES,encrypt,IMAGE,8192,0.050900038331747055,0.0002545001916587353
B,AES,encrypt,IMAGE,8192,0.07720000576227903,0.00038600002881139517
B,AES,encrypt,IMAGE,8192,0.10760000441223383,0.0005380000220611691

A,AES,decrypt,IMAGE,8224,0.09300000965595245,0.00046500004827976227
B,AES,encrypt,IMAGE,8192,0.07800001185387373,0.00039000005926936865
A,AES,decrypt,IMAGE,8224,0.12280000373721123,0.0006140000186860561
B,AES,encrypt,IMAGE,8192,0.058999983593821526,0.00029499991796910763
A,AES,decrypt,IMAGE,8224,0.05690002581104636,0.0002845001290552318
B,AES,encrypt,IMAGE,8192,0.051099981646984816,0.0002554999082349241
A,AES,decrypt,IMAGE,8224,0.053099996875971556,0.0002654999843798578
B,AES,encrypt,IMAGE,8192,0.048600020818412304,0.00024300010409206152
A,AES,decrypt,IMAGE,8224,0.09240000508725643,0.00046200002543628216
A,AES,decrypt,IMAGE,8224,0.07180002285167575,0.00035900011425837874
B,AES,encrypt,IMAGE,8192,0.06469996878877282,0.0003234998439438641
B,AES,encrypt,IMAGE,8192,0.04770001396536827,0.00023850006982684135
A,AES,decrypt,IMAGE,8224,0.05909998435527086,0.0002954999217763543
B,AES,encrypt,IMAGE,7703,0.05400000372901559,0.00027000001864507794
A,AES,decrypt,IMAGE,8224,0.053800002206116915,0.0002690000110305846
A,AES,decrypt,IMAGE,8224,0.055800017435103655,0.0002790000871755183
A,AES,decrypt,IMAGE,8224,0.056800025049597025,0.0002840001252479851
A,AES,decrypt,IMAGE,8224,0.07800001185387373,0.00039000005926936865
A,AES,decrypt,IMAGE,8224,0.08600001456215978,0.0004300000728107989
A,AES,decrypt,IMAGE,7728,0.08520000847056508,0.0004260000423528254
B,AES,encrypt,TEXT,2,36.8711999617517,0.1843559998087585
A,AES,decrypt,TEXT,32,4.039199964608997,0.020195999823044986
A,AES,encrypt,TEXT,3,0.24700001813471317,0.0012350000906735659
B,AES,decrypt,TEXT,32,0.15849998453631997,0.0007924999226815999
B,AES,encrypt,IMAGE,8192,0.11870003072544932,0.0005935001536272466
B,AES,encrypt,IMAGE,8192,0.07830001413822174,0.0003915000706911087
A,AES,decrypt,IMAGE,8224,0.10120001388713717,0.0005060000694356859
A,AES,decrypt,IMAGE,8224,0.0706000137142837,0.0003530000685714185

B,AES,encrypt,IMAGE,8192,0.05630002124235034,0.0002815001062117517

B,AES,encrypt,IMAGE,8192,0.05119998240843415,0.00025599991204217076
A,AES,decrypt,IMAGE,8224,0.051099981646984816,0.0002554999082349241
A,AES,decrypt,IMAGE,8224,0.05709996912628412,0.0002854998456314206

A,AES,decrypt,IMAGE,8224,0.054800009820610285,0.0002740000491030514
B,AES,encrypt,IMAGE,8192,0.04569999873638153,0.00022849999368190765
A,AES,decrypt,IMAGE,8224,0.05400000372901559,0.00027000001864507794
B,AES,encrypt,IMAGE,8192,0.049099966417998075,0.0002454998320899904
A,AES,decrypt,IMAGE,8224,0.05169998621568084,0.0002584999310784042

A,AES,decrypt,IMAGE,8224,0.06440002471208572,0.0003220001235604286

B,AES,encrypt,IMAGE,8192,0.04910002462565899,0.00024550012312829494
A,AES,decrypt,IMAGE,8224,0.0496999709866941,0.0002484998549334705
A,AES,decrypt,IMAGE,8224,0.05089998012408614,0.0002544999006204307
A,AES,decrypt,IMAGE,8224,0.05490001058205962,0.0002745000529102981
B,AES,encrypt,IMAGE,8192,0.044899992644786835,0.00022449996322393417
A,AES,decrypt,IMAGE,8224,0.05019997479394078,0.0002509998739697039

A,AES,decrypt,IMAGE,8224,0.05030003376305103,0.00025150016881525517
B,AES,encrypt,IMAGE,8192,0.048200017772614956,0.00024100008886307478
A,AES,decrypt,IMAGE,8224,0.05119998240843415,0.00025599991204217076
A,AES,decrypt,IMAGE,8224,0.053099996875971556,0.0002654999843798578
B,AES,encrypt,IMAGE,8192,0.04800001624971628,0.0002400000812485814

B,AES,encrypt,IMAGE,8192,0.04869996337220073,0.00024349981686100364
A,AES,decrypt,IMAGE,8224,0.054299947805702686,0.00027149973902851343
B,AES,encrypt,IMAGE,8192,0.04610000178217888,0.0002305000089108944
A,AES,decrypt,IMAGE,8224,0.05549995694309473,0.00027749978471547365
B,AES,encrypt,IMAGE,8192,0.045199994929134846,0.00022599997464567423
A,AES,decrypt,IMAGE,8224,0.05059997783973813,0.00025299988919869065
B,AES,encrypt,IMAGE,8192,0.05110003985464573,0.00025550019927322865
A,AES,decrypt,IMAGE,8224,0.051799986977130175,0.0002589999348856509
B,AES,encrypt,IMAGE,8192,0.040700018871575594,0.00020350009435787797
A,AES,decrypt,IMAGE,8224,0.044599990360438824,0.00022299995180219412
B,AES,encrypt,IMAGE,8192,0.04139996599406004,0.0002069998299703002
A,AES,decrypt,IMAGE,8224,0.0543000060133636,0.000271500030066818
B,AES,encrypt,IMAGE,8192,0.03940000897273421,0.00019700004486367106
A,AES,decrypt,IMAGE,8224,0.09330001194030046,0.0004665000597015023
B,AES,encrypt,IMAGE,8192,0.054800009820610285,0.0002740000491030514
A,AES,decrypt,IMAGE,8224,0.06049999501556158,0.0003024999750778079
B,AES,encrypt,IMAGE,8192,0.04379998426884413,0.00021899992134422064
A,AES,decrypt,IMAGE,8224,0.055299955420196056,0.0002764997771009803
B,AES,encrypt,IMAGE,8192,0.04379998426884413,0.00021899992134422064
A,AES,decrypt,IMAGE,8224,0.050600036047399044,0.0002530001802369952
B,AES,encrypt,IMAGE,8192,0.037299992982298136,0.00018649996491149068
A,AES,decrypt,IMAGE,8224,0.053499999921768904,0.0002674999996088445
B,AES,encrypt,IMAGE,8192,0.04899996565654874,0.0002449998282827437
A,AES,decrypt,IMAGE,8224,0.05259999306872487,0.00026299996534362435
B,AES,encrypt,IMAGE,8192,0.044599990360438824,0.00022299995180219412
A,AES,decrypt,IMAGE,8224,0.05059997783973813,0.00025299988919869065
B,AES,encrypt,IMAGE,8192,0.04150002496317029,0.00020750012481585145
A,AES,decrypt,IMAGE,8224,0.053099996875971556,0.0002654999843798578
B,AES,encrypt,IMAGE,8192,0.043700041715055704,0.00021850020857527852
A,AES,decrypt,IMAGE,8224,0.049799971748143435,0.00024899985874071717
B,AES,encrypt,IMAGE,8192,0.04269997589290142,0.0002134998794645071
B,AES,encrypt,IMAGE,8192,0.043599982745945454,0.00021799991372972727
B,AES,encrypt,IMAGE,8192,0.046999950427562,0.00023499975213781
A,AES,decrypt,IMAGE,8224,0.046600005589425564,0.00023300002794712782
B,AES,encrypt,IMAGE,8192,0.04329998046159744,0.0002164999023079872
A,AES,decrypt,IMAGE,8224,0.057800032664090395,0.000289000163320452
B,AES,encrypt,IMAGE,8192,0.4427999956533313,0.0022139999782666564
B,AES,encrypt,IMAGE,8192,0.049900030717253685,0.0002495001535862684
B,AES,encrypt,IMAGE,8192,0.04640000406652689,0.00023200002033263445
B,AES,encrypt,IMAGE,8192,0.054500007536262274,0.00027250003768131137
B,AES,encrypt,IMAGE,8192,0.04700000863522291,0.00023500004317611456
B,AES,encrypt,IMAGE,8192,0.04550005542114377,0.00022750027710571885
B,AES,encrypt,IMAGE,8192,0.0461999443359673,0.0002309997216798365
B,AES,encrypt,IMAGE,8192,0.04610000178217888,0.0002305000089108944
B,AES,encrypt,IMAGE,8192,0.042300031054764986,0.00021150015527382493
A,AES,decrypt,IMAGE,8224,0.05679996684193611,0.00028399983420968056
B,AES,encrypt,IMAGE,8192,0.04009995609521866,0.0002004997804760933
B,AES,encrypt,IMAGE,8192,0.0467000063508749,0.0002335000317543745
B,AES,encrypt,IMAGE,8192,0.04339998122304678,0.0002169999061152339
B,AES,encrypt,IMAGE,8192,0.04349998198449612,0.00021749990992248058
B,AES,encrypt,IMAGE,8192,0.04830001853406429,0.00024150009267032146
B,AES,encrypt,IMAGE,8192,0.05059997783973813,0.00025299988919869065
B,AES,encrypt,IMAGE,8192,0.04409998655319214,0.0002204999327659607
B,AES,encrypt,IMAGE,7703,0.05019997479394078,0.0002509998739697039
A,AES,decrypt,IMAGE,8224,0.07530004950240254,0.0003765002475120127
A,AES,decrypt,IMAGE,8224,0.09240000508725643,0.00046200002543628216
A,AES,decrypt,IMAGE,8224,0.07770000956952572,0.0003885000478476286
A,AES,decrypt,IMAGE,8224,0.06120000034570694,0.0003060000017285347
A,AES,decrypt,IMAGE,8224,0.06559997564181685,0.00032799987820908427
A,AES,decrypt,IMAGE,8224,0.06379996193572879,0.00031899980967864394
A,AES,decrypt,IMAGE,8224,0.06150000263005495,0.00030750001315027475
A,AES,decrypt,IMAGE,8224,0.09889999637380242,0.0004944999818690121
A,AES,decrypt,IMAGE,8224,0.06440002471208572,0.0003220001235604286
A,AES,decrypt,IMAGE,8224,0.05660002352669835,0.00028300011763349175
A,AES,decrypt,IMAGE,8224,0.053499999921768904,0.0002674999996088445
A,AES,decrypt,IMAGE,8224,0.05829997826367617,0.00029149989131838083
A,AES,decrypt,IMAGE,8224,0.053800002206116915,0.0002690000110305846
A,AES,decrypt,IMAGE,8224,0.050099974032491446,0.00025049987016245723
A,AES,decrypt,IMAGE,8224,0.04930002614855766,0.0002465001307427883
A,AES,decrypt,IMAGE,8224,0.23780000628903508,0.0011890000314451754
A,AES,decrypt,IMAGE,8224,0.06469996878877282,0.0003234998439438641
A,AES,decrypt,IMAGE,8224,0.07000000914558768,0.0003500000457279384
A,AES,decrypt,IMAGE,8224,0.10949996067211032,0.0005474998033605516
A,AES,decrypt,IMAGE,7728,0.05199998850002885,0.00025999994250014424
A,AES,encrypt,IMAGE,8192,0.10989996371790767,0.0005494998185895383
A,AES,encrypt,IMAGE,8192,0.07810001261532307,0.00039050006307661533
B,AES,decrypt,IMAGE,8224,0.10140001541003585,0.0005070000770501792
A,AES,encrypt,IMAGE,8192,0.05360000068321824,0.0002680000034160912
B,AES,decrypt,IMAGE,8224,0.07090001599863172,0.0003545000799931586
A,AES,encrypt,IMAGE,8192,0.05269999383017421,0.00026349996915087104
B,AES,decrypt,IMAGE,8224,0.058399979025125504,0.0002919998951256275
A,AES,encrypt,IMAGE,8192,0.04780001472681761,0.00023900007363408804
B,AES,decrypt,IMAGE,8224,0.05319999763742089,0.00026599998818710446
A,AES,encrypt,IMAGE,8192,0.0447999918833375,0.0002239999594166875
B,AES,decrypt,IMAGE,8224,0.04810001701116562,0.0002405000850558281
A,AES,encrypt,IMAGE,8192,0.044199987314641476,0.00022099993657320738
B,AES,decrypt,IMAGE,8224,0.0610999995842576,0.000305499997921288
A,AES,encrypt,IMAGE,8192,0.04569999873638153,0.00022849999368190765
A,AES,encrypt,IMAGE,8192,0.043899985030293465,0.00021949992515146732
B,AES,decrypt,IMAGE,8224,0.10310002835467458,0.0005155001417733729
A,AES,encrypt,IMAGE,8192,0.04250003257766366,0.0002125001628883183
B,AES,decrypt,IMAGE,8224,0.05849997978657484,0.0002924998989328742
A,AES,encrypt,IMAGE,8192,0.045599997974932194,0.00022799998987466097
B,AES,decrypt,IMAGE,8224,0.054500007536262274,0.00027250003768131137
A,AES,encrypt,IMAGE,8192,0.04349998198449612,0.00021749990992248058
B,AES,decrypt,IMAGE,8224,0.05640002200379968,0.0002820001100189984
A,AES,encrypt,IMAGE,3575,0.04529999569058418,0.00022649997845292091
B,AES,decrypt,IMAGE,8224,0.04610000178217888,0.0002305000089108944
B,AES,decrypt,IMAGE,8224,0.04549999721348286,0.00022749998606741428
B,AES,decrypt,IMAGE,3600,0.04680000711232424,0.0002340000355616212
B,AES,encrypt,IMAGE,8192,0.10980002116411924,0.0005490001058205962
B,AES,encrypt,IMAGE,8192,0.07850001566112041,0.0003925000783056021
A,AES,decrypt,IMAGE,8224,0.15849998453631997,0.0007924999226815999
B,AES,encrypt,IMAGE,8192,0.0657000346109271,0.0003285001730546355
A,AES,decrypt,IMAGE,8224,0.07480004569515586,0.0003740002284757793
B,AES,encrypt,IMAGE,8192,0.06180000491440296,0.0003090000245720148
A,AES,decrypt,IMAGE,8224,0.058999983593821526,0.00029499991796910763
B,AES,encrypt,IMAGE,8192,0.05540001438930631,0.00027700007194653153
A,AES,decrypt,IMAGE,8224,0.06089999806135893,0.00030449999030679464
B,AES,encrypt,IMAGE,8192,0.05070003680884838,0.0002535001840442419
A,AES,decrypt,IMAGE,8224,0.053800002206116915,0.0002690000110305846
B,AES,encrypt,IMAGE,8192,0.058699981309473515,0.00029349990654736757
A,AES,decrypt,IMAGE,8224,0.052099989261478186,0.00026049994630739093
B,AES,encrypt,IMAGE,8192,0.04869996337220073,0.00024349981686100364
A,AES,decrypt,IMAGE,8224,0.04869996337220073,0.00024349981686100364
B,AES,encrypt,IMAGE,8192,0.04600000102072954,0.0002300000051036477
A,AES,decrypt,IMAGE,8224,0.0475000124424696,0.00023750006221234798
B,AES,encrypt,IMAGE,8192,0.048200017772614956,0.00024100008886307478
A,AES,decrypt,IMAGE,8224,0.05069997860118747,0.00025349989300593734
B,AES,encrypt,IMAGE,8192,0.049099966417998075,0.0002454998320899904
A,AES,decrypt,IMAGE,8224,0.0990999978967011,0.0004954999894835055
B,AES,encrypt,IMAGE,8192,0.048600020818412304,0.00024300010409206152
A,AES,decrypt,IMAGE,8224,0.05879998207092285,0.00029399991035461426

A,AES,decrypt,IMAGE,8224,0.05689996760338545,0.00028449983801692724
A,AES,decrypt,IMAGE,3600,0.06179994670674205,0.00030899973353371024
A,AES,encrypt,IMAGE,8192,0.10220002150163054,0.0005110001075081527
A,AES,encrypt,IMAGE,8192,0.08699996396899223,0.00043499981984496117
A,AES,encrypt,IMAGE,8192,0.08670001989230514,0.0004335000994615257
B,AES,decrypt,IMAGE,8224,0.09290000889450312,0.0004645000444725156
A,AES,encrypt,IMAGE,8192,0.05440000677481294,0.0002720000338740647
B,AES,decrypt,IMAGE,8224,0.10599999222904444,0.0005299999611452222
A,AES,encrypt,IMAGE,8192,0.055699958465993404,0.000278499792329967
B,AES,decrypt,IMAGE,8224,0.0999000039882958,0.000499500019941479
B,AES,decrypt,IMAGE,8224,0.07070001447573304,0.0003535000723786652

B,AES,decrypt,IMAGE,8224,0.07579999510198832,0.0003789999755099416
A,AES,encrypt,IMAGE,8192,0.0706000137142837,0.0003530000685714185
A,AES,encrypt,IMAGE,8192,0.05929998587816954,0.0002964999293908477
B,AES,decrypt,IMAGE,8224,0.08410000009462237,0.00042050000047311187
A,AES,encrypt,IMAGE,8192,0.06019999273121357,0.00030099996365606785
B,AES,decrypt,IMAGE,8224,0.08520000847056508,0.0004260000423528254
A,AES,encrypt,IMAGE,8192,0.06720004603266716,0.0003360002301633358
B,AES,decrypt,IMAGE,8224,0.08679996244609356,0.0004339998122304678
A,AES,encrypt,IMAGE,8192,0.05269999383017421,0.00026349996915087104
B,AES,decrypt,IMAGE,8224,0.063000014051795,0.00031500007025897503
A,AES,encrypt,IMAGE,8192,0.051600043661892414,0.00025800021830946207
A,AES,encrypt,IMAGE,8192,0.059500045608729124,0.0002975002280436456
B,AES,decrypt,IMAGE,8224,0.06059999577701092,0.0003029999788850546
A,AES,encrypt,IMAGE,8192,0.056299963034689426,0.00028149981517344713
B,AES,decrypt,IMAGE,8224,0.07920002099126577,0.00039600010495632887
A,AES,encrypt,IMAGE,8192,0.05690002581104636,0.0002845001290552318
B,AES,decrypt,IMAGE,8224,0.07870001718401909,0.00039350008592009544
A,AES,encrypt,IMAGE,8192,0.05490001058205962,0.0002745000529102981
B,AES,decrypt,IMAGE,8224,0.05289999535307288,0.0002644999767653644
A,AES,encrypt,IMAGE,8192,0.06910000229254365,0.00034550001146271825
B,AES,decrypt,IMAGE,8224,0.06130000110715628,0.0003065000055357814
B,AES,decrypt,IMAGE,8224,0.05959998816251755,0.00029799994081258774
A,AES,encrypt,IMAGE,8192,0.0523999915458262,0.000261999957729131
B,AES,decrypt,IMAGE,8224,0.05759997293353081,0.00028799986466765404
A,AES,encrypt,IMAGE,8192,0.053099996875971556,0.0002654999843798578
B,AES,decrypt,IMAGE,8224,0.053099996875971556,0.0002654999843798578
A,AES,encrypt,IMAGE,8192,0.05989999044686556,0.0002994999522343278
B,AES,decrypt,IMAGE,8224,0.10910001583397388,0.0005455000791698694
A,AES,encrypt,IMAGE,8192,0.06350001785904169,0.00031750008929520845
B,AES,decrypt,IMAGE,8224,0.07690000347793102,0.0003845000173896551
A,AES,encrypt,IMAGE,8192,0.05460000829771161,0.00027300004148855805
B,AES,decrypt,IMAGE,8224,0.08620001608505845,0.00043100008042529225
A,AES,encrypt,IMAGE,8192,0.06480002775788307,0.00032400013878941536
A,AES,encrypt,IMAGE,8192,0.056500022765249014,0.00028250011382624507
B,AES,decrypt,IMAGE,8224,0.07690000347793102,0.0003845000173896551

A,AES,encrypt,IMAGE,8192,0.05490001058205962,0.0002745000529102981
B,AES,decrypt,IMAGE,8224,0.08079997496679425,0.00040399987483397126
A,AES,encrypt,IMAGE,8192,0.052499992307275534,0.00026249996153637767
B,AES,decrypt,IMAGE,8224,0.08349999552592635,0.00041749997762963176
A,AES,encrypt,IMAGE,8192,0.05530001362785697,0.00027650006813928485
B,AES,decrypt,IMAGE,8224,0.06130000110715628,0.0003065000055357814
A,AES,encrypt,IMAGE,8192,0.050600036047399044,0.0002530001802369952
B,AES,decrypt,IMAGE,8224,0.05099998088553548,0.0002549999044276774
A,AES,encrypt,IMAGE,8192,0.07770000956952572,0.0003885000478476286
B,AES,decrypt,IMAGE,8224,0.05509995389729738,0.0002754997694864869
B,AES,decrypt,IMAGE,8224,0.07950002327561378,0.0003975001163780689
A,AES,encrypt,IMAGE,8192,0.06320001557469368,0.0003160000778734684
B,AES,decrypt,IMAGE,8224,0.07309997454285622,0.0003654998727142811
A,AES,encrypt,IMAGE,8192,0.07230002665892243,0.00036150013329461217
B,AES,decrypt,IMAGE,8224,0.06499997107312083,0.00032499985536560416
A,AES,encrypt,IMAGE,8192,0.057699973694980145,0.0002884998684749007
B,AES,decrypt,IMAGE,8224,0.07619999814778566,0.0003809999907389283
A,AES,encrypt,IMAGE,8192,0.05169998621568084,0.0002584999310784042
A,AES,encrypt,IMAGE,8192,0.05500001134350896,0.0002750000567175448
B,AES,decrypt,IMAGE,8224,0.06160000339150429,0.00030800001695752144
A,AES,encrypt,IMAGE,8192,0.05110003985464573,0.00025550019927322865
B,AES,decrypt,IMAGE,8224,0.05759997293353081,0.00028799986466765404
A,AES,encrypt,IMAGE,8192,0.04810001701116562,0.0002405000850558281
B,AES,decrypt,IMAGE,8224,0.053499999921768904,0.0002674999996088445
A,AES,encrypt,IMAGE,8192,0.04959997022524476,0.0002479998511262238
B,AES,decrypt,IMAGE,8224,0.07930002175271511,0.00039650010876357555
A,AES,encrypt,IMAGE,8192,0.052499992307275534,0.00026249996153637767
B,AES,decrypt,IMAGE,8224,0.07619999814778566,0.0003809999907389283
A,AES,encrypt,IMAGE,8192,0.05420000525191426,0.0002710000262595713
B,AES,decrypt,IMAGE,8224,0.05909998435527086,0.0002954999217763543
B,AES,decrypt,IMAGE,8224,0.10170001769438386,0.0005085000884719193
A,AES,encrypt,IMAGE,8192,0.06980000762268901,0.00034900003811344504
B,AES,decrypt,IMAGE,8224,0.3027000348083675,0.0015135001740418375
B,AES,decrypt,IMAGE,8224,0.059999991208314896,0.0002999999560415745
A,AES,encrypt,IMAGE,8192,0.05490001058205962,0.0002745000529102981

A,AES,encrypt,IMAGE,8192,0.05809997674077749,0.00029049988370388746
B,AES,decrypt,IMAGE,8224,0.089899986051023,0.00044949993025511503
A,AES,encrypt,IMAGE,8192,0.059999991208314896,0.0002999999560415745
B,AES,decrypt,IMAGE,8224,0.06580003537237644,0.0003290001768618822
A,AES,encrypt,IMAGE,8192,0.08060003165155649,0.00040300015825778246
B,AES,decrypt,IMAGE,8224,0.07389998063445091,0.00036949990317225456
A,AES,encrypt,IMAGE,8192,0.06990000838413835,0.00034950004192069173
B,AES,decrypt,IMAGE,8224,0.07579999510198832,0.0003789999755099416
B,AES,decrypt,IMAGE,8224,0.06580003537237644,0.0003290001768618822
A,AES,encrypt,IMAGE,8192,0.07999996887519956,0.0003999998443759978
B,AES,decrypt,IMAGE,8224,0.06709998706355691,0.00033549993531778455
A,AES,encrypt,IMAGE,8192,0.07260002894327044,0.0003630001447163522
B,AES,decrypt,IMAGE,8224,0.06829999620094895,0.00034149998100474477
A,AES,encrypt,IMAGE,8192,0.06819999543949962,0.0003409999771974981
B,AES,decrypt,IMAGE,8224,0.06729998858645558,0.0003364999429322779
A,AES,encrypt,IMAGE,8192,0.06130000110715628,0.0003065000055357814
B,AES,decrypt,IMAGE,8224,0.08329999400302768,0.0004164999700151384
A,AES,encrypt,IMAGE,8192,0.08259998867288232,0.0004129999433644116
B,AES,decrypt,IMAGE,8224,0.06500002928078175,0.00032500014640390873
A,AES,encrypt,IMAGE,8192,0.08700002217665315,0.00043500011088326573
B,AES,decrypt,IMAGE,8224,0.07320003351196647,0.00036600016755983233
B,AES,decrypt,IMAGE,8224,0.07720000576227903,0.00038600002881139517
B,AES,decrypt,IMAGE,7728,0.0926000066101551,0.00046300003305077553
B,3DES,encrypt,TEXT,2,47.8597000001173,0.2392985000005865
A,3DES,decrypt,TEXT,16,3.7036000003354275,0.018518000001677137
B,3DES,encrypt,IMAGE,8192,0.45730000056209974,0.0022865000028104987
B,3DES,encrypt,IMAGE,8192,0.3661999999167165,0.0018309999995835824
A,3DES,decrypt,IMAGE,8208,0.4594000001816312,0.002297000000908156
B,3DES,encrypt,IMAGE,8192,0.35199999911128543,0.0017599999955564272
A,3DES,decrypt,IMAGE,8208,0.36100000033911783,0.0018050000016955892
B,3DES,encrypt,IMAGE,8192,0.35709999974642415,0.0017854999987321207
A,3DES,decrypt,IMAGE,8208,0.3329999999550637,0.0016649999997753184
B,3DES,encrypt,IMAGE,8192,0.3484999997453997,0.0017424999987269985
A,3DES,decrypt,IMAGE,8208,0.34270000105607323,0.0017135000052803662
B,3DES,encrypt,IMAGE,8192,0.35430000025371555,0.0017715000012685778
A,3DES,decrypt,IMAGE,8208,0.3479000006336719,0.0017395000031683594
B,3DES,encrypt,IMAGE,8192,0.4273000013199635,0.0021365000065998174
B,3DES,encrypt,IMAGE,8192,0.33740000071702525,0.0016870000035851263
A,3DES,decrypt,IMAGE,8208,0.33509999957459513,0.0016754999978729757
B,3DES,encrypt,IMAGE,8192,0.35740000021178275,0.0017870000010589138
B,3DES,encrypt,IMAGE,8192,0.34729999970295466,0.0017364999985147733
A,3DES,decrypt,IMAGE,8208,0.3270999986852985,0.0016354999934264924
A,3DES,decrypt,IMAGE,8208,0.40670000089448877,0.002033500004472444
B,3DES,encrypt,IMAGE,8192,0.34079999932146166,0.0017039999966073083
B,3DES,encrypt,IMAGE,8192,0.34700000105658546,0.0017350000052829273
B,3DES,encrypt,IMAGE,3575,0.1934000010805903,0.0009670000054029515
A,3DES,decrypt,IMAGE,8208,0.3302000004623551,0.0016510000023117755
A,3DES,decrypt,IMAGE,8208,0.3341999999975087,0.0016709999999875436
A,3DES,decrypt,IMAGE,3584,0.1764999997249106,0.000882499998624553
A,3DES,encrypt,IMAGE,8192,0.5301999990479089,0.0026509999952395447
A,3DES,encrypt,IMAGE,8192,0.38440000025730114,0.0019220000012865057
A,3DES,encrypt,IMAGE,8192,0.36250000084692147,0.0018125000042346073
A,3DES,encrypt,IMAGE,8192,0.41510000119160395,0.0020755000059580198
B,3DES,decrypt,IMAGE,8208,0.468100000944105,0.002340500004720525
A,3DES,encrypt,IMAGE,8192,0.37340000017138664,0.0018670000008569332
B,3DES,decrypt,IMAGE,8208,0.36050000016984995,0.0018025000008492498
A,3DES,encrypt,IMAGE,8192,0.43849999929079786,0.0021924999964539893
A,3DES,encrypt,IMAGE,8192,0.39480000123148784,0.001974000006157439

B,3DES,decrypt,IMAGE,8208,0.45589999899675604,0.00227949999498378
A,3DES,encrypt,IMAGE,8192,0.36890000046696514,0.0018445000023348257
B,3DES,decrypt,IMAGE,8208,0.4537999993772246,0.002268999996886123
A,3DES,encrypt,IMAGE,8192,0.4490000010264339,0.0022450000051321695
B,3DES,decrypt,IMAGE,8208,0.44580000030691735,0.0022290000015345868
B,3DES,decrypt,IMAGE,8208,0.45260000115376897,0.002263000005768845
A,3DES,encrypt,IMAGE,8192,0.42829999983950984,0.002141499999197549
B,3DES,decrypt,IMAGE,8208,0.35650000063469633,0.0017825000031734817
A,3DES,encrypt,IMAGE,8192,0.46300000030896626,0.0023150000015448313
B,3DES,decrypt,IMAGE,8208,0.36440000076254364,0.0018220000038127182
A,3DES,encrypt,IMAGE,8192,0.43139999979757704,0.002156999998987885
B,3DES,decrypt,IMAGE,8208,0.3479999995761318,0.001739999997880659
A,3DES,encrypt,IMAGE,8192,0.4162999994150596,0.002081499997075298
B,3DES,decrypt,IMAGE,8208,0.3730000007635681,0.0018650000038178405
A,3DES,encrypt,IMAGE,8192,0.4540999998425832,0.002270499999212916
B,3DES,decrypt,IMAGE,8208,0.4112999995413702,0.002056499997706851
B,3DES,decrypt,IMAGE,8208,0.40670000089448877,0.002033500004472444

A,3DES,encrypt,IMAGE,8192,0.3988999997091014,0.001994499998545507
B,3DES,decrypt,IMAGE,8208,0.44049999996786937,0.002202499999839347
A,3DES,encrypt,IMAGE,8192,0.4011000000900822,0.002005500000450411
B,3DES,decrypt,IMAGE,8208,0.4435999999259366,0.002217999999629683
B,3DES,decrypt,IMAGE,8208,0.35680000110005494,0.0017840000055002747
A,3DES,encrypt,IMAGE,8192,0.44049999996786937,0.002202499999839347
A,3DES,encrypt,IMAGE,8192,0.44939999861526303,0.002246999993076315
B,3DES,decrypt,IMAGE,8208,0.3558999997039791,0.0017794999985198956
A,3DES,encrypt,IMAGE,8192,0.43419999929028563,0.002170999996451428
B,3DES,decrypt,IMAGE,8208,0.3426000002946239,0.0017130000014731195
A,3DES,encrypt,IMAGE,8192,0.4595000009430805,0.0022975000047154026
B,3DES,decrypt,IMAGE,8208,0.35960000059276354,0.0017980000029638177
A,3DES,encrypt,IMAGE,8192,0.47369999992952216,0.002368499999647611
B,3DES,decrypt,IMAGE,8208,0.49450000005890615,0.0024725000002945308
B,3DES,decrypt,IMAGE,8208,0.4422999991220422,0.002211499995610211

A,3DES,encrypt,IMAGE,8192,0.3853999987768475,0.0019269999938842375
B,3DES,decrypt,IMAGE,8208,0.42580000081215985,0.0021290000040607993
A,3DES,encrypt,IMAGE,8192,0.353900000845897,0.001769500004229485
B,3DES,decrypt,IMAGE,8208,0.4343999989941949,0.0021719999949709745
A,3DES,encrypt,IMAGE,8192,0.36130000080447644,0.0018065000040223822
B,3DES,decrypt,IMAGE,8208,0.42779999967024196,0.00213899999835121
A,3DES,encrypt,IMAGE,8192,0.34779999987222254,0.0017389999993611127
B,3DES,decrypt,IMAGE,8208,0.41369999962626025,0.0020684999981313013
A,3DES,encrypt,IMAGE,8192,0.35120000029564835,0.0017560000014782418
B,3DES,decrypt,IMAGE,8208,0.43550000009418,0.0021775000004709
A,3DES,encrypt,IMAGE,8192,0.42360000043117907,0.0021180000021558953
B,3DES,decrypt,IMAGE,8208,0.35790000038105063,0.0017895000019052532
A,3DES,encrypt,IMAGE,8192,0.3586999991966877,0.0017934999959834386
B,3DES,decrypt,IMAGE,8208,0.48889999925449956,0.002444499996272498
A,3DES,encrypt,IMAGE,8192,0.36410000029718503,0.0018205000014859252
B,3DES,decrypt,IMAGE,8208,0.3420999983063666,0.001710499991531833
A,3DES,encrypt,IMAGE,8192,0.436700000136625,0.002183500000683125
2
B,3DES,decrypt,IMAGE,8208,0.4532000002654968,0.002266000001327484
A,3DES,encrypt,IMAGE,8192,0.4346999994595535,0.0021734999972977675

A,3DES,encrypt,IMAGE,8192,0.44070000149076805,0.0022035000074538402
B,3DES,decrypt,IMAGE,8208,0.5155000017111888,0.002577500008555944

B,3DES,decrypt,IMAGE,8208,0.4861999987042509,0.0024309999935212545
A,3DES,encrypt,IMAGE,8192,0.4077000012330245,0.0020385000061651226
B,3DES,decrypt,IMAGE,8208,0.45760000102745835,0.0022880000051372917
A,3DES,encrypt,IMAGE,8192,0.4347000012785429,0.0021735000063927146
B,3DES,decrypt,IMAGE,8208,0.4649999991670484,0.002324999995835242
A,3DES,encrypt,IMAGE,8192,0.3897000005963491,0.0019485000029817456
B,3DES,decrypt,IMAGE,8208,0.44319999869912863,0.002215999993495643
A,3DES,encrypt,IMAGE,8192,0.41000000055646524,0.002050000002782326
B,3DES,decrypt,IMAGE,8208,0.40500000068277586,0.0020250000034138793
A,3DES,encrypt,IMAGE,8192,0.44069999967177864,0.002203499998358893
B,3DES,decrypt,IMAGE,8208,0.4012000008515315,0.0020060000042576576
A,3DES,encrypt,IMAGE,8192,0.4439999993337551,0.0022199999966687756
B,3DES,decrypt,IMAGE,8208,0.3612000000430271,0.0018060000002151355
A,3DES,encrypt,IMAGE,8192,0.46269999984360766,0.0023134999992180383
B,3DES,decrypt,IMAGE,8208,0.439199999163975,0.002195999995819875
A,3DES,encrypt,IMAGE,8192,0.4014999994979007,0.0020074999974895036
B,3DES,decrypt,IMAGE,8208,0.4275999999663327,0.0021379999998316634
A,3DES,encrypt,IMAGE,8192,0.4822999999305466,0.002411499999652733
B,3DES,decrypt,IMAGE,8208,0.42099999882339034,0.0021049999941169517
A,3DES,encrypt,IMAGE,8192,0.4943000003549969,0.0024715000017749844
B,3DES,decrypt,IMAGE,8208,0.4164000001765089,0.0020820000008825446
A,3DES,encrypt,IMAGE,8192,0.46930000098655,0.00234650000493275
B,3DES,decrypt,IMAGE,8208,0.42829999983950984,0.002141499999197549
A,3DES,encrypt,IMAGE,8192,0.37200000042503234,0.0018600000021251617
B,3DES,decrypt,IMAGE,8208,0.35150000076100696,0.0017575000038050348
A,3DES,encrypt,IMAGE,8192,0.4417000000103144,0.002208500000051572
B,3DES,decrypt,IMAGE,8208,0.351099999534199,0.001755499997670995
A,3DES,encrypt,IMAGE,8192,0.46750000001338776,0.002337500000066939
B,3DES,decrypt,IMAGE,8208,0.3585999984352384,0.0017929999921761919
A,3DES,encrypt,IMAGE,7703,0.5531999995582737,0.0027659999977913685

B,3DES,decrypt,IMAGE,7712,0.4681999998865649,0.0023409999994328246
B,AES,encrypt,TEXT,2,6.502500000351574,0.03251250000175787
A,AES,decrypt,TEXT,32,9.695799999462906,0.04847899999731453
A,AES,encrypt,TEXT,3,0.1931000006152317,0.0009655000030761585
B,AES,decrypt,TEXT,32,0.2598999999463558,0.001299499999731779
B,AES,encrypt,TEXT,3,42.87240000121528,0.21436200000607641
A,AES,decrypt,TEXT,32,3.9176999998744577,0.01958849999937229
B,DES,encrypt,TEXT,2,6.63179999901331,0.03315899999506655
A,DES,decrypt,TEXT,16,4.971799997292692,0.02485899998646346
B,AES,encrypt,TEXT,2,7.451600002241321,0.037258000011206605
A,AES,decrypt,TEXT,32,4.659199999878183,0.023295999999390915
B,AES,encrypt,TEXT,2,9.686199999123346,0.04843099999561673
A,AES,decrypt,TEXT,32,5.7050000032177195,0.028525000016088597
B,AES,encrypt,IMAGE,8192,0.12429999333107844,0.0006214999666553922
B,AES,encrypt,IMAGE,8192,0.07560000085504726,0.0003780000042752363
B,AES,encrypt,IMAGE,8192,0.06349999603116885,0.00031749998015584424
B,AES,encrypt,IMAGE,8192,0.07069999992381781,0.00035349999961908907
B,AES,encrypt,IMAGE,8192,0.04980000085197389,0.00024900000425986946
B,AES,encrypt,IMAGE,8192,0.0484000047435984,0.000242000023717992
B,AES,encrypt,IMAGE,8192,0.04509999416768551,0.00022549997083842754
B,AES,encrypt,IMAGE,8192,0.051700000767596066,0.00025850000383798033
B,AES,encrypt,IMAGE,8192,0.04990000161342323,0.00024950000806711614
B,AES,encrypt,IMAGE,8192,0.2856999999494292,0.001428499999747146
B,AES,encrypt,IMAGE,8192,0.05149999924469739,0.00025749999622348696
B,AES,encrypt,IMAGE,8192,0.04959999932907522,0.0002479999966453761
B,AES,encrypt,IMAGE,3575,0.04310000076657161,0.00021550000383285806
B,AES,encrypt,TEXT,4,97.11779999634018,0.4855889999817009
A,AES,decrypt,TEXT,32,6.127500004367903,0.030637500021839514
A,AES,encrypt,TEXT,4,35.572699998738244,0.17786349999369122
